Date,Strike_x1.1,Strike_x1.05,Strike_x1,Strike_x0.95,Strike_x0.9
2022-01-19,491.7233312040191,469.37227069474545,447.02121018547183,424.6701496761982,402.31908916692464
2022-01-20,486.53711275291437,464.42178944596367,442.306466139013,420.1911428320624,398.07581952511174
2022-01-21,477.44474290873814,455.74270914015915,434.0406753715801,412.33864160300107,390.6366078344221
2022-01-24,479.63901679122597,457.83724330071567,436.03546981020537,414.23369631969507,392.4319228291848
2022-01-25,472.6246385820751,451.141700464708,429.65876234734094,408.1758242299739,386.69288611260686
2022-01-26,472.18908164767265,450.7259415727784,429.2628014978842,407.79966142298997,386.3365213480958
2022-01-27,471.4827925760912,450.05175654990524,428.6207205237192,407.1896844975332,385.7586484713473
2022-01-28,484.14760437489997,462.1408950851318,440.1341857953636,418.1274765055954,396.12076721582724
2022-01-31,486.65078420466165,464.53029401354064,442.40980382241963,420.2893136312986,398.1688234401777
2022-02-01,487.72779246272296,465.558347350781,443.388902238839,421.21945712689705,399.05001201495514
2022-02-02,491.60169275785535,469.25616126886194,446.9106297798685,424.565098290875,402.2195668018816
2022-02-03,479.0659917513883,457.2902648535979,435.5145379558075,413.7388110580171,391.96308416022674
2022-02-04,480.8230471070015,458.9674540566832,437.11186100636496,415.2562679560467,393.40067490572847
2022-02-07,479.58331771918193,457.78407600467364,435.98483429016534,414.18559257565704,392.3863508611488
2022-02-08,483.62984254699734,461.64666788577017,439.663493224543,417.68031856331584,395.6971439020887
2022-02-09,490.1483427130316,467.86887258971194,445.5894024663923,423.30993234307266,401.0304622197531
2022-02-10,480.40588567490283,458.5692545078618,436.73262334082074,414.8959921737797,393.0593610067387
2022-02-11,470.49571960365,449.1095505307568,427.7233814578636,406.33721238497037,384.9510433120772
2022-02-14,470.7862271405375,449.386853179604,427.98747921867044,406.5881052577369,385.1887312968034
2022-02-15,480.6272676764299,458.7805736911376,436.9338797058453,415.087185720553,393.2404917352608
2022-02-16,479.9303639899046,458.11534744490893,436.30033089991326,414.4853143549176,392.6702978099219
2022-02-17,470.7629832254905,449.36466580615,427.9663483868095,406.568030967469,385.1697135481286
2022-02-18,467.467569039692,446.21904317425145,424.9705173088109,403.7219914433703,382.4734655779298
2022-02-22,463.39693302292255,442.3334360673352,421.26993911174776,400.20644215616034,379.14294520057297
2022-02-23,455.2496232952375,434.55645859999936,413.8632939047613,393.1701292095232,372.47696451428516
2022-02-24,463.70969559006954,442.63198215415724,421.554268718245,400.47655528233275,379.3988418464205
2022-02-25,473.70316759886305,452.17120543527835,430.63924327169366,409.10728110810896,387.5753189445243
2022-02-28,469.0618552565944,447.74086183584006,426.4198684150858,405.0988749943315,383.7778815735772
2022-03-01,461.92592889011667,440.92929575874774,419.93266262737876,398.9360294960098,377.9393963646409
2022-03-02,470.4767426898002,449.0914362039001,427.7061297180001,406.3208232321001,384.9355167462001
2022-03-03,467.56728862126573,446.3142300475718,425.0611714738779,403.80811290018397,382.5550543264901
2022-03-04,464.5553337685386,443.43918223360504,422.32303069867146,401.2068791637379,380.0907276288043
2022-03-07,450.81059507137263,430.3192043863102,409.8278137012478,389.3364230161854,368.84503233112304
2022-03-08,446.52812099326013,426.23138822083916,405.93465544841825,385.63792267599734,365.34118990357643
2022-03-09,458.4551105384959,437.6162418776551,416.7773732168144,395.9385045559737,375.09963589513296
2022-03-10,453.4328269356481,432.82224389311864,412.21166085058917,391.6010778080597,370.9904947655303
2022-03-11,448.85688889939854,428.454303040335,408.0517171812714,387.6491313222078,367.24654546314423
2022-03-14,448.35486880565657,427.9751020417631,407.5953352778696,387.2155685139761,366.8358017500826
2022-03-15,458.608713682429,437.7628630605004,416.9170124385718,396.0711618166432,375.22531119471466
2022-03-16,465.5201004417586,444.3600958762241,423.2000913106896,402.04008674515507,380.8800821796206
2022-03-17,471.1940311173715,449.77612061203644,428.35821010670134,406.94029960136623,385.5223890960312
2022-03-18,473.64893867785594,452.11944146522615,430.5899442525963,409.06044703996645,387.53094982733666
2022-03-21,472.79378331022565,451.3031567961244,429.81253028202326,408.3219037679221,386.83127725382093
2022-03-22,479.9419325778466,458.1263901879445,436.31084779804235,414.4953054081402,392.67976301823813
2022-03-23,473.43611279199916,451.91628948327195,430.3964661745447,408.8766428658174,387.3568195570902
2022-03-24,482.6683918594109,460.72891950216496,438.789447144919,416.84997478767303,394.91050243042713
2022-03-25,484.2790045456214,462.2663225208204,440.2536404960194,418.2409584712184,396.22827644641745
2022-03-28,488.1863349082155,465.996046957842,443.80575900746857,421.61547105709514,399.4251831067217
2022-03-29,494.486824158177,472.01015033280527,449.5334765074336,427.0568026820619,404.58012885669024
2022-03-30,492.47392104054325,470.08874281142766,447.703564582312,425.3183863531964,402.9332081240808
2022-03-31,486.98705797526713,464.85128261275497,442.7155072502428,420.57973188773065,398.44395652521854
2022-04-01,488.16889953731703,465.9794041038026,443.7899086702882,421.60041323677376,399.4109178032594
2022-04-04,492.9013777762916,470.49676969555105,448.0921616148105,425.68755353406993,403.28294545332943
2022-04-05,486.003258531109,463.9122013251495,441.82114411918997,419.7300869132304,397.639029707271
2022-04-06,481.78669121779456,459.88729616244024,437.9879011070859,416.0885060517316,394.18911099637734
2022-04-07,484.4046183341774,462.38622659171483,440.3678348492522,418.3494431067895,396.331051364327
2022-04-08,484.4485060272826,462.42811938967884,440.40773275207505,418.38734611447126,396.3669594768676
2022-04-11,476.5182434140155,454.85832325883297,433.19840310365043,411.5384829484679,389.8785627932854
2022-04-12,475.5694679585626,453.95267396044613,432.3358799623296,410.7190859642131,389.1022919660967
2022-04-13,483.1055283775149,461.14618617853694,439.18684397955894,417.22750178058095,395.2681595816031
2022-04-14,475.18156891998996,453.58240669635404,431.9832444727181,410.3840822490822,388.7849200254463
2022-04-18,475.5182375100766,453.90377216870945,432.28930682734233,410.6748414859752,389.0603761446081
2022-04-19,483.17560518313934,461.21307767481477,439.25055016649026,417.28802265816574,395.32549514984123
2022-04-20,481.6569190464055,459.7634227261143,437.86992640582315,415.976430085532,394.08293376524085
2022-04-21,474.1776201395399,452.62409195137894,431.07056376321805,409.51703557505715,387.96350738689625
2022-04-22,461.05688755753334,440.0997563049182,419.142625052303,398.18549379968783,377.2283625470727
2022-04-25,463.53092926060094,442.4613415669373,421.39175387327356,400.32216617960984,379.25257848594623
2022-04-26,449.3027215329429,428.8798705541727,408.45701957540257,388.0341685966324,367.6113176178623
2022-04-27,449.8623713719218,429.4140817641072,408.96579215629254,388.51750254847786,368.0692129406633
2022-04-28,460.54155028918785,439.6078434578611,418.6741366265344,397.74042979520766,376.806722963881
2022-04-29,441.5805770424785,421.5087326314567,401.436888220435,381.36504380941324,361.2931993983915
2022-05-02,443.01508235025494,422.878033152516,402.74098395477716,382.6039347570383,362.46688555929944
2022-05-03,444.5744465720188,424.3665171823816,404.15858779274436,383.9506584031071,363.74272901346995
2022-05-04,459.62549374699273,438.7334258494021,417.8413579518115,396.9492900542209,376.05722215663036
2022-05-05,439.8906205944844,419.8955923856442,399.900564176804,379.9055359679638,359.9105077591236
2022-05-06,436.0413614588884,416.2212995743934,396.4012376898985,376.5811758054036,356.76111392090866
2022-05-09,422.4588539278132,403.2561787492762,384.0535035707392,364.85082839220223,345.6481532136653
2022-05-10,423.96574243338017,404.69457232277193,385.42340221216375,366.15223210155557,346.8810619909474
2022-05-11,416.55016593910983,397.6160674873321,378.68196903555435,359.7478705837766,340.8137721319989
2022-05-12,416.6630814545107,397.7238504793056,378.7846195041006,359.84538852889557,340.90615755369055
2022-05-13,430.29695569089955,410.738003159495,391.17905062809047,371.6200980966859,352.06114556528144
2022-05-16,425.62767455632275,406.2809620764899,386.934249596657,367.58753711682414,348.2408246369913
2022-05-17,435.229629990301,415.4464649907419,395.6632999911827,375.88013499162355,356.0969699920645
2022-05-18,415.88634134589574,396.98241673926407,378.07849213263245,359.1745675260008,340.2706429193692
2022-05-19,416.7288155380449,397.78659664995195,378.844377761859,359.90215887376604,340.9599399856731
2022-05-20,417.32158892598386,398.35242579298455,379.3832626599853,360.41409952698604,341.4449363939868
2022-05-23,423.96602733723375,404.6948442764504,385.42366121566704,366.1524781548837,346.8812950941003
2022-05-24,419.70541035247766,400.62789170009233,381.55037304770696,362.4728543953216,343.39533574293625
2022-05-25,423.83471028219896,404.56949617846266,385.3042820747263,366.03906797098995,346.7738538672537
2022-05-26,431.40483925929993,411.7955283838772,392.18621750845443,372.5769066330317,352.967595757609
2022-05-27,440.4348137259704,420.41504946569904,400.3952852054276,380.3755209451562,360.35575668488485
2022-05-31,438.06112418190685,418.1492549009111,398.2373856199153,378.3255163389195,358.41364705792375
2022-06-01,434.45372673416034,414.70583006442575,394.95793339469117,375.2100367249566,355.46214005522205
2022-06-02,444.19532578255354,424.0046291560738,403.81393252959407,383.62323590311433,363.43253927663466
2022-06-03,438.85197867631626,418.90416146375645,398.9563442511966,379.0085270386367,359.06070982607696
2022-06-06,439.76161123381075,419.77244708681934,399.7832829398279,379.7941187928365,359.80495464584516
2022-06-07,443.6724036632303,423.50547622399256,403.3385487847548,383.171621345517,363.00469390627933
2022-06-08,439.7982494968443,419.8074199742604,399.8165904516766,379.8257609290927,359.83493140650893
2022-06-09,429.36814893613956,409.8514148935878,390.33468085103596,370.8179468084841,351.30121276593235
2022-06-10,416.66856627493803,397.72908598971355,378.7896057044891,359.8501254192646,340.9106451340402
2022-06-13,402.1169850952113,383.83894031815623,365.56089554110116,347.2828507640461,329.0048059869911
2022-06-14,403.47406711534927,385.1343367919243,366.7946064684993,348.4548761450743,330.1151458216494
2022-06-15,408.9439140015457,390.3555542742027,371.7671945468597,353.1788348195167,334.59047509217373
2022-06-16,393.49012691891573,375.604212058965,357.7182971990143,339.83238233906354,321.94646747911287
2022-06-17,395.4941655043439,377.5171579814192,359.54015045849445,341.5631429355697,323.58613541264504
2022-06-21,404.79871426455026,386.3987727070707,367.9988311495911,349.59888959211156,331.198948034632
2022-06-22,400.5505933906368,382.34374823651694,364.13690308239705,345.93005792827717,327.72321277415733
2022-06-23,405.96320228534995,387.51032945419763,369.05745662304537,350.6045837918931,332.15171096074084
2022-06-24,416.9046246153989,397.9544144056081,379.0042041958172,360.0539939860263,341.10378377623545
2022-06-27,411.7061802841832,392.9922629985385,374.2783457128938,355.5644284272491,336.8505111416044
2022-06-28,403.1239222932955,384.8001076436002,366.47629299390496,348.1524783442097,329.8286636945145
2022-06-29,404.0287685549243,385.66382452970043,367.2988805044766,348.93393647925274,330.56899245402894
2022-06-30,400.99616758432506,382.76906905776485,364.5419705312046,346.3148720046443,328.08777347808416
2022-07-01,406.03667395385673,387.58046150140865,369.1242490489606,350.6680365965126,332.21182414406456
2022-07-05,407.7759695952422,389.2406982500039,370.7054269047656,352.1701555595273,333.63488421428906
2022-07-06,408.92254107052554,390.3351528400471,371.74776460956866,353.1603763790902,334.5729881486118
2022-07-07,417.4992137797513,398.52197678976256,379.5447397997739,360.5675028097852,341.5902658197965
2022-07-08,415.8771379284551,396.97363165897985,378.0701253895046,359.16661912002934,340.26311285055414
2022-07-11,411.38571663987256,392.68636588351467,373.98701512715684,355.287664370799,336.5883136144412
2022-07-12,412.34092324850457,393.5981540099362,374.85538477136777,356.11261553279934,337.369846294231
2022-07-13,410.2114677867959,391.56549197830515,372.9195161698144,354.2735403613237,335.627564552833
2022-07-14,410.0845443359646,391.4443377752389,372.80413121451323,354.16392465378755,335.5237180930619
2022-07-15,417.891023330943,398.89597681590016,379.9009303008573,360.9058837858144,341.91083727077154
2022-07-18,412.3227147616093,393.58077318153613,374.83883160146297,356.0968900213898,337.3549484413167
2022-07-19,424.16042228911203,404.88040309415237,385.6003838991927,366.32036470423304,347.04034550927344
2022-07-20,423.64582703942773,404.38919853763554,385.13257003584334,365.87594153405115,346.619313032259
2022-07-21,427.76891645506674,408.32487479801824,388.88083314096974,369.43679148392124,349.9927498268728
2022-07-22,424.16478644025005,404.8845688747841,385.6043513093182,366.32413374385226,347.0439161783864
2022-07-25,425.1178668582092,405.79432745556335,386.47078805291744,367.14724865027154,347.8237092476257
2022-07-26,419.7223593515014,400.6440702900695,381.5657812286376,362.4874921672057,343.4092031057738
2022-07-27,430.49474703503995,410.9268039879926,391.35886094094536,371.7909178938981,352.22297484685083
2022-07-28,433.4505079414656,413.7482121259444,394.04591631042325,374.3436204949021,354.64132467938094
2022-07-29,439.3250678604312,419.35574659404796,399.3864253276647,379.41710406128146,359.4477827948983
2022-08-01,438.33977730932077,418.4152419770789,398.490706644837,378.56617131259515,358.6416359803533
2022-08-02,435.74394448068836,415.93740154974796,396.13085861880757,376.32431568786717,356.51777275692683
2022-08-03,445.0878793188085,424.8566120770445,404.62534483528043,384.3940775935164,364.1628103517524
2022-08-04,443.990562198271,423.8091730074405,403.62778381660996,383.4463946257794,363.265005434949
2022-08-05,443.5553928846567,423.39378411717234,403.2321753496879,383.07056658220347,362.90895781471914
2022-08-08,443.1992967335507,423.0538741547529,402.90845157595516,382.7630289971574,362.6176064183596
2022-08-09,441.5639012360229,421.4928148162037,401.4217283963844,381.35064197656516,361.279555556746
2022-08-10,451.4204697171535,430.9013574572828,410.3822451974122,389.8631329375416,369.344020677671
2022-08-11,451.92354556849904,431.38156622447633,410.8395868804536,390.2976075364309,369.75562819240827
2022-08-12,460.6428762151535,439.70456365991924,418.76625110468495,397.82793854945066,376.8896259942165
2022-08-15,462.1691014675818,441.16141503723713,420.1537286068925,399.1460421765479,378.1383557462033
2022-08-16,462.9566117962514,441.9131294418764,420.8696470875013,399.8261647331262,378.78268237875113
2022-08-17,459.91255084743256,439.00743489982193,418.10231895221136,397.1972030046008,376.2920870569902
2022-08-18,462.4568595059709,441.43609316479035,420.41532682360986,399.39456048242937,378.3737941412489
2022-08-19,455.91002343989385,435.1868405562623,414.46365767263075,393.74047478899917,373.0172919053677
2022-08-22,446.06065068819674,425.78516656600596,405.50968244381517,385.2341983216244,364.95871419943364
2022-08-23,444.13139435386375,423.9436037014154,403.755813048967,383.56802239651864,363.38023174407033
2022-08-24,445.52038668273883,425.26946001534156,405.01853334794436,384.76760668054715,364.51668001314994
2022-08-25,454.3014540771627,433.6513879827462,413.0013218883297,392.3512557939132,371.70118969949675
2022-08-26,437.44034256073917,417.5566906261601,397.67303869158104,377.789386757002,357.90573482242297
2022-08-29,434.9939441695716,415.2214921618638,395.44904015415597,375.6765881464481,355.9041361387404
2022-08-30,430.80771931579017,411.22555025598155,391.64338119617287,372.0612121363642,352.47904307655557
2022-08-31,428.395080780711,408.9225771088605,389.45007343700996,369.97756976515944,350.505066093309
2022-09-01,429.35768240780527,409.8414241165414,390.3251658252775,370.8089075340136,351.29264924274975
2022-09-02,425.04595287287736,405.72568228774657,386.40541170261577,367.08514111748497,347.7648705323542
2022-09-06,423.31584626953173,404.07421689364395,384.8325875177561,365.59095814186827,346.3493287659805
2022-09-07,430.9187289929114,411.3315140386881,391.74429908446484,372.15708413024157,352.56986917601836
2022-09-08,431.4358220081604,411.8251028259713,392.2143836437822,372.60366446159304,352.99294527940395
2022-09-09,437.73850978597886,417.8413047957071,397.9440998054353,378.0468948151635,358.14968982489177
2022-09-12,442.17009475925727,422.0714540883819,401.9728134175066,381.87417274663125,361.77553207575596
2022-09-13,424.1124009539202,404.83456454692384,385.55672813992743,366.278891732931,347.0010553259347
2022-09-14,422.1847508667139,402.9945349182269,383.8043189697399,364.61410302125284,345.4238870727659
2022-09-15,416.6847989735278,397.7445808383674,378.80436270320706,359.8641445680467,340.9239264328864
2022-09-16,412.05553887563167,393.32574165401206,374.5959444323924,355.86614721077274,337.1363499891532
2022-09-19,415.71365185026986,396.81757676616667,377.9215016820635,359.0254265979603,340.12935151385716
2022-09-20,410.57697456785843,391.91438481477394,373.25179506168945,354.58920530860496,335.9266155555205
2022-09-21,403.1502922255935,384.825278942612,366.50026565963043,348.17525237664887,329.85023909366737
2022-09-22,401.5931478836074,383.338913888898,365.0846798941885,346.83044589947906,328.5762119047697
2022-09-23,396.2359952813029,378.22526822306185,360.2145411648208,342.2038141065797,324.1930870483387
2022-09-26,394.6696744408527,376.73014378445026,358.7906131280479,340.8510824716455,322.9115518152431
2022-09-27,395.5954248633484,377.6138146422871,359.63220442122577,341.65059420016445,323.6689839791032
2022-09-28,405.21768013429755,386.7986946736476,368.37970921299774,349.96072375234786,331.541738291698
2022-09-29,394.02649358462673,376.11619842168915,358.20590325875156,340.295608095814,322.3853129328764
2022-09-30,387.77528255511163,370.1491333480611,352.52298414101057,334.89683493396,317.2706857269095
2022-10-03,397.83013435087224,379.7469464258326,361.66375850079294,343.58057057575326,325.49738265071363
2022-10-04,407.0601568732382,388.5574224699092,370.0546880665802,351.55195366325114,333.04921925992215
2022-10-05,402.02054662536534,383.7468854151215,365.47322420487757,347.19956299463365,328.9259017843898
2022-10-06,397.7005500360514,379.62325230714,361.54595457822853,343.4686568493171,325.3913591204057
2022-10-07,386.6543382324541,369.0791410400698,351.50394384768555,333.92874665530127,316.353549462917
2022-10-10,383.3210589592101,365.8973744610642,348.4736899629183,331.05000546477237,313.62632096662645
2022-10-11,380.4060200431436,363.1148373139098,345.823654584676,328.53247185544217,311.2412891262084
2022-10-12,379.76481521902446,362.5027781636142,345.240741108204,327.97870405279383,310.71666699738364
2022-10-13,391.96070864222554,374.1443127948516,356.3279169474777,338.51152110010383,320.69512525272995
2022-10-14,380.2355119866231,362.9520796235948,345.66864726056644,328.3852148975381,311.1017825345098
2022-10-17,389.6200003693658,371.91000035257645,354.2000003357871,336.4900003189977,318.7800003022084
2022-10-18,394.5449131822405,376.6110534921387,358.6771938020368,340.7433341119349,322.80947442183316
2022-10-19,394.0537261660156,376.1421931584694,358.23066015092326,340.3191271433771,322.40759413583095
2022-10-20,390.61696430166893,372.86164774250216,355.1063311833354,337.3510146241686,319.59569806500184
2022-10-21,399.9320915485303,381.7533601145062,363.5746286804821,345.39589724645793,327.2171658124339
2022-10-24,403.20069496317296,384.8733906466651,366.5460863301572,348.21878201364933,329.8914776971415
2022-10-25,409.42392881536813,390.8137502328514,372.20357165033465,353.5933930678179,334.9832144853012
2022-10-26,405.3327894180581,386.9085717172373,368.48435401641643,350.06013631559557,331.6359186147748
2022-10-27,402.82360866306715,384.51344463292776,366.2032806027883,347.89311657264886,329.5829525425095
2022-10-28,414.8861185585455,396.02765862406613,377.1691986895868,358.3107387551074,339.4522788206281
2022-10-31,411.02122530523286,392.33844233681316,373.65565936839346,354.97287639997376,336.2900934315541
2022-11-01,411.1024090545077,392.4159359156664,373.72946277682513,355.04298963798385,336.35651649914263
2022-11-02,401.4237120454542,383.1771796797517,364.9306473140492,346.68411494834675,328.4375825826443
2022-11-03,396.5978297649585,378.5706556847331,360.5434816045077,342.5163075242823,324.4891334440569
2022-11-04,402.2657207588448,383.9809152698064,365.696109780768,347.41130429172955,329.1264988026912
2022-11-07,407.35194184358016,388.8359444870538,370.3199471305274,351.803949774001,333.2879524174747
2022-11-08,409.757279417257,391.1319485346544,372.5066176520518,353.88128676944916,335.2559558868466
2022-11-09,402.3464723133122,384.05799629907074,365.76952028482924,347.48104427058774,329.1925682563463
2022-11-10,424.0095890874927,404.73642594715216,385.46326280681154,366.1900996664709,346.91693652613037
2022-11-11,419.4025053840117,400.3387551392839,381.27500489455605,362.2112546498282,343.14750440510045
2022-11-14,417.37014584072006,398.3987755752328,379.4274053097455,360.4560350442582,341.48466477877093
2022-11-15,420.7464896768182,401.62164923696287,382.49680879710746,363.37196835725206,344.2471279173967
2022-11-16,417.2962025576727,398.3281933505058,379.3601841433388,360.39217493617184,341.4241657290049
2022-11-17,416.5754601147447,397.6402119277109,378.704963740677,359.7697155536431,340.8344673666093
2022-11-18,418.2883773928066,399.2752693294972,380.2621612661878,361.2490532028784,342.235945139569
2022-11-21,417.3494101362432,398.3789824027776,379.40855466931197,360.43812693584636,341.4676992023808
2022-11-22,423.46802866988423,404.21948191216217,384.97093515444016,365.72238839671815,346.47384163899613
2022-11-23,426.04631780105797,406.68057608282805,387.31483436459814,367.94909264636823,348.5833509281383
2022-11-25,425.88681492156974,406.5283233342256,387.1698317468815,367.81134015953745,348.4528485721934
2022-11-28,429.2227817750507,409.71265533073023,390.2025288864097,370.6924024420892,351.1822759977687
2022-11-29,428.70968452241544,409.2228806804875,389.7360768385595,370.2492729966315,350.7624691547035
2022-11-30,442.1160299479923,422.01984676853806,401.92366358908384,381.82748040962963,361.73129723017547
2022-12-01,437.61241689951567,417.72094340408313,397.8294699086506,377.93799641321806,358.0465229177855
2022-12-02,437.2642025370687,417.3885569672019,397.51291139733513,377.63726582746835,357.76162025760163
2022-12-05,429.0970627435597,409.5926508006706,390.0882388577815,370.5838269148924,351.07941497200335
2022-12-06,422.6481170720122,403.43683902328434,384.2255609745565,365.0142829258287,345.8030048771009
2022-12-07,421.89555978986107,402.7184888903219,383.54141799078275,364.3643470912436,345.1872761917045
2022-12-08,426.45764371807036,407.07320536724893,387.68876701642756,368.3043286656062,348.9198903147848
2022-12-09,422.9489145816751,403.72396391887173,384.4990132560683,365.27406259326483,346.04911193046144
2022-12-12,429.51746694911117,409.99394572415156,390.47042449919195,370.94690327423234,351.4233820492728
2022-12-13,431.38358237561675,411.7752377221796,392.16689306874247,372.5585484153053,352.95020376186824
2022-12-14,428.26082623258634,408.7944250401961,389.32802384780575,369.86162265541543,350.39522146302517
2022-12-15,422.41630675160644,403.2155655356243,384.0148243196422,364.81408310366004,345.61334188767796
2022-12-16,414.8949397932286,396.0360788935364,377.1772179938442,358.31835709415196,339.45949619445975
2022-12-19,411.63061699363345,392.9201344030138,374.20965181239404,355.4991692217743,336.78868663115463
2022-12-20,412.4232942784714,393.67678090217726,374.9302675258831,356.18375414958894,337.4372407732948
2022-12-21,418.2701138032722,399.25783590312346,380.2455580029747,361.2332801028259,342.22100220267725
2022-12-22,410.3344997040398,391.68293153567436,373.03136336730887,354.3797951989434,335.728227030578
2022-12-23,413.8180229914522,395.00811285547707,376.198202719502,357.3882925835269,338.5783824475518
2022-12-27,411.1759220126295,392.4861073756918,373.79629273875406,355.1064781018163,336.41666346487864
2022-12-28,407.9246022778055,389.3825749015416,370.8405475252777,352.2985201490138,333.75649277274994
2022-12-29,416.3783802682931,397.45209025609796,378.5258002439028,359.5995102317076,340.67322021951253
2022-12-30,412.64464791290874,393.88807300777654,375.1314981026443,356.37492319751203,337.6183482923799
2023-01-03,411.4689255251777,392.7657925467605,374.06265956834335,355.3595265899262,336.65639361150903
2023-01-04,414.97548248226354,396.11296055125155,377.25043862023955,358.38791668922755,339.5253947582156
2023-01-05,409.51895309652724,390.90445522850325,372.28995736047926,353.6754594924553,335.06096162443134
2023-01-06,418.8516448729441,399.81293374235577,380.77422261176736,361.73551148117895,342.69680035059065
2023-01-09,417.6281408748383,398.6450435623456,379.661946249853,360.6788489373603,341.6957516248677
2023-01-10,420.5353295013007,401.4200872512415,382.3048450011824,363.1896027511233,344.0743605010642
2023-01-11,425.7515595415364,406.39921592601195,387.0468723104876,367.6945286949632,348.3421850794388
2023-01-12,426.4523235648237,407.0681270391499,387.68393051347607,368.29973398780226,348.9155374621285
2023-01-13,428.3625380123881,408.89151355727955,389.42048910217096,369.94946464706237,350.4784401919539
2023-01-17,428.80402217852867,409.31293026132283,389.82183834411694,370.33074642691105,350.83965450970527
2023-01-18,422.23540073235483,403.0428825172478,383.85036430214075,364.6578460870337,345.46532787192666
2023-01-19,418.4618651228084,399.44087125358976,380.4198773843712,361.39888351515265,342.3778896459341
2023-01-20,426.5920895069658,407.2015399839219,387.810990460878,368.42044093783403,349.0298914147902
2023-01-23,430.21152403312226,410.6564547588894,391.1013854846566,371.54631621042375,351.9912469361909
2023-01-24,431.5755657335169,411.9584945638116,392.34142339410624,372.7243522244009,353.10728105469565
2023-01-25,431.53132547443766,411.9162652255996,392.3012049767615,372.68614472792336,353.07108447908536
2023-01-26,436.7559027950054,416.9033617588688,397.05082072273217,377.1982796865955,357.34573865045894
2023-01-27,438.0082451445438,418.09877945615546,398.1893137677671,378.2798480793787,358.3703823909904
2023-01-30,432.3963611630567,412.7419811101905,393.08760105732426,373.433221004458,353.77884095159186
2023-01-31,438.6804204304248,418.74040131995093,398.80038220947705,378.86036309900317,358.92034398852934
2023-02-01,442.19858014963233,422.0986446882854,401.99870922693844,381.8987737655915,361.7988383042446
2023-02-02,448.6925662477776,428.2974496001513,407.90233295252506,387.5072163048988,367.11209965727255
2023-02-03,443.2743190220309,423.1254863392113,402.9766536563917,382.8278209735721,362.67898829075256
2023-02-06,441.45590388388206,421.3897264346147,401.3235489853473,381.2573715360799,361.1911940868126
2023-02-07,448.0830499014171,427.71563854226173,407.3482271831064,386.9808158239511,366.6134044647958
2023-02-08,442.0867029424701,421.99185280872143,401.8970026749728,381.80215254122413,361.70730240747554
2023-02-09,438.3417861094892,418.4171594681487,398.4925328268083,378.5679061854679,358.6432795441275
2023-02-10,439.90157445816357,419.9060483464288,399.9105222346941,379.9149961229594,359.9194700112247
2023-02-13,445.18417576004356,424.94853140731425,404.712887054585,384.47724270185574,364.2415983491265
2023-02-14,444.1557465333468,423.9668489636492,403.77795139395164,383.58905382425405,363.40015625455646
2023-02-15,446.89709037535266,426.58358626738203,406.27008215941146,385.9565780514409,365.6430739434703
2023-02-16,441.3843071559445,421.32138410340156,401.2584610508586,381.1955379983157,361.1326149457728
2023-02-17,441.8777083101447,421.7923579324108,401.707007554677,381.62165717694313,361.5363067992093
2023-02-21,432.9576032232833,413.27771216767945,393.5978211120757,373.9179300564719,354.2380390008681
2023-02-22,431.61240898553706,411.9936631225581,392.3749172595791,372.7561713966001,353.1374255336212
2023-02-23,435.77006192525965,415.9623318377478,396.154601750236,376.3468716627242,356.5391415752124
2023-02-24,430.503840392204,410.93548401074014,391.3671276292763,371.79877124781245,352.23041486634867
2023-02-27,431.58002893986696,411.9627548971457,392.34548085442447,372.7282068117032,353.110932768982
2023-02-28,429.9858368451435,410.4410260794551,390.8962153137668,371.35140454807845,351.8065937823901
2023-03-01,430.1537462369196,410.6013032261505,391.0488602153814,371.4964172046123,351.9439741938433
2023-03-02,433.5957357533999,413.88683867369986,394.17794159399983,374.4690445142998,354.76014743459984
2023-03-03,439.9200718376323,419.9237049359217,399.9273380342111,379.93097113250053,359.93460423079
2023-03-06,438.13392710303555,418.21874859835214,398.30357009366867,378.3883915889852,358.4732130843018
2023-03-07,431.28459560216993,411.6807503475258,392.0769050928817,372.4730598382376,352.86921458359353
2023-03-08,432.4143743881801,412.7591755523537,393.1039767165273,373.4487778807009,353.7935790448746
2023-03-09,424.37005884066883,405.0805107115475,385.7909625824262,366.50141445330485,347.2118663241836
2023-03-10,418.00754017316854,399.0071974380245,380.00685470288045,361.0065119677364,342.0061692325924
2023-03-13,417.36503252415514,398.3938946821481,379.422756840141,360.45161899813394,341.4804811561269
2023-03-14,424.79834704509045,405.4893312703136,386.1803154955367,366.87129972075985,347.56228394598304
2023-03-15,419.9417790148454,400.8535163323524,381.7652536498594,362.6769909673664,343.58872828487347
2023-03-16,427.4690243136271,408.0386141175531,388.6082039214791,369.17779372540514,349.7473835293312
2023-03-17,419.5403246736889,400.4703099157939,381.40029515789894,362.33028040000397,343.26026564210906
2023-03-20,425.2961582480866,405.9645146913554,386.63287113462417,367.3012275778929,347.9695840211618
2023-03-21,429.95705169403107,410.4135493443024,390.87004699457367,371.32654464484494,351.78304229511633
2023-03-22,421.40487291436915,402.25010596371595,383.0953390130628,363.9405720624097,344.78580511175653
2023-03-23,422.48166200868866,403.2779500992028,384.07423818971694,364.87052628023105,345.66681437074527
2023-03-24,425.2735038848108,405.94289007186484,386.6122762589189,367.2816624459729,347.951048633027
2023-03-27,425.88221993026633,406.52393720616334,387.1656544820603,367.80737175795724,348.44908903385425
2023-03-28,424.9929614029835,405.6750995210297,386.3572376390759,367.03937575712206,347.7215138751683
2023-03-29,432.72531991030075,413.05598718710525,393.38665446390974,373.7173217407142,354.0479890175188
2023-03-30,433.9362141712413,414.21184079982123,394.48746742840115,374.76309405698106,355.03872068556103
2023-03-31,441.3714480511827,421.30910950340166,401.2467709556206,381.18443240783955,361.12209386005856
2023-04-03,442.7119501784698,422.5886797158121,402.46540925315435,382.3421387904966,362.21886832783895
2023-04-04,440.6502945754748,420.62073573113497,400.5911768867952,380.56161804245545,360.5320591981157
2023-04-05,440.3365609100654,420.3212626868806,400.3059644636958,380.290666240511,360.27536801732623
2023-04-06,443.43123049488815,423.2752654723932,403.1193004498983,382.96333542740336,362.80737040490845
2023-04-10,443.7531055834096,423.5825098750728,403.411914166736,383.2413184583992,363.0707227500624
2023-04-11,444.1031507641037,423.91664391118985,403.73013705827606,383.54363020536226,363.35712335244847
2023-04-12,442.3936731660685,422.28486984033805,402.17606651460767,382.0672631888773,361.9584598631469
2023-04-13,448.26289200958024,427.88730600914477,407.5117200087093,387.1361340082738,366.7605480078384
2023-04-14,447.25693699387705,426.9270762214281,406.5972154489791,386.26735467653015,365.93749390408124
2023-04-17,449.2625522384829,428.84152713673365,408.4205020349844,387.99947693323514,367.57845183148595
2023-04-18,451.04957837108657,430.5473248087645,410.0450712464423,389.54281768412017,369.04056412179807
2023-04-19,451.16652708083996,430.6589576680745,410.15138825530903,389.64381884254357,369.13624942977816
2023-04-20,448.7904060272521,428.3908421169225,407.9912782065928,387.59171429626315,367.19215038593353
2023-04-21,448.89834936383807,428.49387893820904,408.08940851258,387.684938086951,367.280467661322
2023-04-24,449.7049468341183,429.26381288711286,408.8226789401075,388.3815449931021,367.94041104609676
2023-04-25,442.5830246959479,422.46561448249577,402.34820426904355,382.23079405559133,362.1133838421392
2023-04-26,439.75415508603487,419.7653298548514,399.776504623668,379.7876793924846,359.7988541613012
2023-04-27,448.56171810060613,428.1725490960331,407.78338009146006,387.394211086887,367.00504208231405
2023-04-28,450.8189568403613,430.3271860748903,409.8354153094193,389.34364454394836,368.8518737784774
2023-05-01,449.5611827069168,429.126583492966,408.69198427901523,388.25738506506445,367.82278585111374
2023-05-02,444.74332072391735,424.5277152364666,404.31210974901575,384.0965042615649,363.8808987741142
2023-05-03,442.10806644072005,422.0122452388691,401.9164240370182,381.8206028351673,361.7247816333164
2023-05-04,438.8958249366806,418.946014712286,398.9962044878914,379.04639426349684,359.0965840391023
2023-05-05,447.0028032420365,426.68449400376215,406.36618476548773,386.0478755272133,365.72956628893894
2023-05-08,444.93837915238663,424.7139073727327,404.4894355930787,384.26496381342474,364.0404920337709
2023-05-09,443.0215437890691,422.88420088956593,402.7468579900628,382.6095150905596,362.47217219105653
2023-05-10,445.3660843764983,425.1221714502938,404.87825852408935,384.6343455978849,364.3904326716804
2023-05-11,444.3800890060414,424.18099405122126,403.9818990964012,383.78280414158115,363.5837091867611
2023-05-12,446.3789777577796,426.089024223335,405.7990706888905,385.50911715444596,365.21916362000144
2023-05-15,448.6612461932699,428.2675531844849,407.87386017569986,387.48016716691484,367.0864741581299
2023-05-16,445.4077490659715,425.1619422902455,404.9161355145195,384.6703287387935,364.42452196306755
2023-05-17,451.0148589268688,430.51418352110204,410.01350811533524,389.51283270956844,369.0121573038017
2023-05-18,454.2636619412947,433.6153136712358,412.96696540117694,392.31861713111806,371.67026886105924
2023-05-19,452.83849500419615,432.25492704946,411.67135909472375,391.08779113998753,370.50422318525136
2023-05-22,455.42434617904195,434.72323953454,414.0221328900381,393.3210262455362,372.6199196010343
2023-05-23,450.4164248512514,429.94295099437636,409.46947713750126,388.99600328062616,368.52252942375117
2023-05-24,446.67460109208486,426.3712101333537,406.06781917462257,385.7644282158914,365.46103725716034
2023-05-25,450.8176204347621,430.3259104150001,409.8342003952382,389.3424903754763,368.8507803557144
2023-05-26,455.807204533176,435.0886952362134,414.37018593925086,393.6516766422883,372.9331673453258
2023-05-30,454.7188836118739,434.0498434476978,413.3808032835217,392.71176311934556,372.04272295516955
2023-05-31,452.28148092150536,431.72323178870965,411.16498265591395,390.60673352311824,370.0484843903226
2023-06-01,456.45965062262303,435.711484685231,414.9633187478391,394.21515281044714,373.4669868730552
2023-06-02,463.4387414848157,442.3733441445968,421.3079468043779,400.24254946415897,379.1771521239401
2023-06-05,461.9831081506763,440.98387596200917,419.98464377334204,398.9854115846749,377.98617939600786
2023-06-06,463.0727278000305,442.02396744548366,420.9752070909368,399.92644673638995,378.87768638184315
2023-06-07,461.27971454831527,440.31245479611914,419.34519504392296,398.37793529172677,377.41067553953064
2023-06-08,464.62212378151446,443.5029363369001,422.38374889228584,401.26456144767155,380.14537400305727
2023-06-09,465.41362460411324,444.2584598493808,423.1032950946484,401.94813033991596,380.79296558518354
2023-06-12,470.0202010488637,448.6556464557336,427.29109186260337,405.92653726947316,384.56198267634306
2023-06-13,473.68343013496707,452.1523651288322,430.6213001226973,409.0902351165624,387.55917011042754
2023-06-14,474.0888350460109,452.5393425439195,430.98985004182805,409.4403575397366,387.89086503764526
2023-06-15,480.1080541102246,458.284960741578,436.4618673729314,414.6387740042848,392.8156806356383
2023-06-16,476.34923918240764,454.6970010377527,433.0447628930978,411.3925247484429,389.74028660378804
2023-06-20,474.83629657866067,453.2528285523579,431.66936052605513,410.08589249975233,388.50242447344965
2023-06-21,472.3251363291584,450.8558119505603,429.38648757196216,407.91716319336405,386.44783881476593
2023-06-22,474.10120073790927,452.5511461589134,431.0010915799175,409.4510370009216,387.90098242192573
2023-06-23,470.38691508933886,449.00569167618704,427.6244682630353,406.2432448498835,384.86202143673177
2023-06-26,468.6179547953492,447.31713866828784,426.0163225412265,404.71550641416513,383.41469028710384
2023-06-27,473.9567601543992,452.41327105647196,430.8697819585447,409.32629286061746,387.78280376269026
2023-06-28,473.9488971038108,452.4057654172739,430.86263373073706,409.3195020442002,387.7763703576634
2023-06-29,476.35922288349514,454.70653093424534,433.05383898499554,411.40114703574574,389.748455086496
2023-06-30,481.60329606674856,459.7122371546236,437.82117824249866,415.9301193303737,394.0390604182488
2023-07-03,482.30947792334524,460.3863198359204,438.4631617484956,416.54000366107084,394.61684557364606
2023-07-05,481.5576674620241,459.6686825773866,437.77969769274915,415.8907128081117,394.0017279234742
2023-07-06,477.9080999419311,456.1850044900251,434.46190903811913,412.73881358621315,391.01571813430724
2023-07-07,476.3662494509239,454.7132381122455,433.06022677356714,411.40721543488877,389.75420409621046
2023-07-10,477.941845950431,456.2172165890477,434.4925872276645,412.7679578662813,391.04332850489806
2023-07-11,481.0147567385227,459.15044961404436,437.28614248956603,415.4218353650877,393.55752824060943
2023-07-12,484.52514277268466,462.5012726466535,440.4774025206224,418.45353239459126,396.42966226856015
2023-07-13,488.90598914129725,466.6829896348747,444.45999012845203,422.2369906220294,400.0139911156068
2023-07-14,487.99125656368017,465.80983581078556,443.628415057891,421.44699430499645,399.2655735521019
2023-07-17,489.73332762211845,467.47272182111305,445.21211602010766,422.95151021910226,400.6909044180969
2023-07-18,494.6671745636901,472.18230299261324,449.6974314215364,427.21255985045957,404.7276882793828
2023-07-19,495.1214850931403,472.6159630434521,450.11044099376386,427.6049189440756,405.0993968943875
2023-07-20,491.79837301613395,469.44390151540057,447.0894300146672,424.7349585139338,402.3804870132005
2023-07-21,491.87777636328417,469.5196956194985,447.16161487571287,424.8035341319272,402.4454533881416
2023-07-24,494.30516132685773,471.83674490290963,449.36832847896153,426.89991205501343,404.4314956310654
2023-07-25,495.5593135572328,473.03389021372226,450.50846687021163,427.983043526701,405.4576201831905
2023-07-26,495.92628135483466,473.3841776568876,450.84207395894055,428.2999702609935,405.7578665630465
2023-07-27,493.17570906479693,470.7586313800334,448.3415536952699,425.9244760105064,403.50739832574294
2023-07-28,498.6245722642387,475.95981897950054,453.2950656947624,430.63031241002426,407.9655591252862
2023-07-31,498.2073808927717,475.56159085219116,452.9158008116106,430.27001077103006,407.62422073044957
2023-08-01,496.99900043020955,474.4081367742909,451.81727311837227,429.22640946245366,406.63554580653505
2023-08-02,490.84671712452456,468.5355027097734,446.2242882950223,423.91307388027116,401.6018594655201
2023-08-03,488.76703680109864,466.5503533101396,444.33366981918056,422.1169863282215,399.90030283726253
2023-08-04,486.5865098044433,464.4689411769686,442.3513725494939,420.23380392201915,398.1162352945445
2023-08-07,491.0434580408299,468.7233008571558,446.4031436734817,424.0829864898076,401.76282930613354
2023-08-08,488.30438347207246,466.10872967788737,443.9130758837022,421.7174220895171,399.521768295332
2023-08-09,485.24970435535744,463.1928996119321,441.13609486850675,419.0792901250814,397.02248538165605
2023-08-10,485.8034753510596,463.7214991987387,441.63952304641776,419.55754689409684,397.475570741776
2023-08-11,485.2563476346024,463.19924092393865,441.14213421327486,419.08502750261107,397.0279207919474
2023-08-14,489.40728979988666,467.1615038998918,444.9157179998969,422.66993209990204,400.4241461999072
2023-08-15,483.1193671088477,461.15939587662734,439.199424644407,417.2394534121866,395.2794821799663
2023-08-16,479.5436830226101,457.7462428852187,435.9488027478273,414.1513626104359,392.3539224730446
2023-08-17,476.2529222812162,454.6050621775245,432.95720207383283,411.3093419701412,389.66148186644955
2023-08-18,476.5167702819229,454.85691708729,433.1970638926571,411.53721069802424,389.8773575033914
2023-08-21,479.39235296797756,457.60179146943307,435.81122997088863,414.0206684723442,392.23010697379976
2023-08-22,478.43661745725433,456.6894984819246,434.9423795065948,413.19526053126503,391.44814155593536
2023-08-23,483.7641612820601,461.77488122378463,439.78560116550915,417.79632110723367,395.80704104895824
2023-08-24,475.29833254461096,453.6938628834923,432.0893932223736,410.4849235612549,388.8804539001362
2023-08-25,478.56306881046214,456.81020204635024,435.0573352822383,413.3044685181263,391.5516017540145
2023-08-28,480.7119264831136,458.86138437024476,437.01084225737594,415.1603001445071,393.30975803163835
2023-08-29,487.5246623184336,465.3644503948684,443.20423847130326,421.0440265477381,398.88381462417294
2023-08-30,488.0357119675089,465.8522705144403,443.6688290613717,421.4853876083031,399.30194615523453
2023-08-31,487.0636143018875,464.9243591063472,442.7851039108068,420.6458487152664,398.50659351972615
2023-09-01,488.0913291800748,465.9053596718896,443.71939016370436,421.53342065551914,399.3474511473339
2023-09-05,486.1086802986145,464.01283119413205,441.91698208964954,419.821132985167,397.7252838806846
2023-09-06,483.12105408470677,461.1610061717655,439.2009582588243,417.2409103458831,395.2808624329419
2023-09-07,481.5917224769877,459.7011896371246,437.8106567972615,415.9201239573984,394.02959111753535
2023-09-08,483.34934891485426,461.3789239641791,439.40849901350384,417.4380740628286,395.4676491121535
2023-09-11,487.25520719738074,465.1072432338634,442.9592792703461,420.81131530682876,398.6633513433115
2023-09-12,484.6089524561752,462.58127279907626,440.5535931419774,418.5259134848785,396.49823382777964
2023-09-13,485.49978183020625,463.4316099288332,441.3634380274602,419.29526612608714,397.22709422471416
2023-09-14,492.1190764403843,469.75002751127585,447.3809785821675,425.0119296530591,402.6428807239507
2023-09-15,483.70667137672035,461.7200044959603,439.7333376152003,417.7466707344403,395.7600038536803
2023-09-18,483.0007949116295,461.04621332473727,439.091631737845,417.1370501509527,395.1824685640605
2023-09-19,482.3327652355854,460.4085486339679,438.4843320323503,416.56011543073276,394.6358988291153
2023-09-20,477.6398914754071,455.92898731743406,434.218083159461,412.50717900148794,390.79627484351494
2023-09-21,469.8372102366903,448.4809734077498,427.1247365788093,405.7684997498688,384.41226292092836
2023-09-22,468.317439977578,447.0302836149608,425.7431272523436,404.45597088972636,383.16881452710925
2023-09-25,470.55441162919436,449.1655747369582,427.7767378447221,406.387900952486,384.9990640602499
2023-09-26,463.89406601137017,442.80797210176246,421.7218781921547,400.6357842825469,379.5496903729392
2023-09-27,463.8448328982635,442.7609768574334,421.6771208166032,400.593264775773,379.5094087349429
2023-09-28,466.79687802448734,445.5788381142833,424.36079820407934,403.1427582938754,381.9247183836714
2023-09-29,466.03074159881515,444.84752607159623,423.6643105443774,402.4810950171585,381.29787948993965
2023-10-02,465.679286985943,444.51204666840016,423.34480635085725,402.17756603331435,381.01032571577156
2023-10-03,459.8416858093447,438.93979099982903,418.03789619031335,397.13600138079767,376.23410657128204
2023-10-04,463.29992580433293,442.2408382677723,421.1817507312117,400.1226631946511,379.06357565809054
2023-10-05,461.7370333100978,440.748986341457,419.76093937281615,398.7728924041753,377.7848454355345
2023-10-06,467.52416672667124,446.27306823909527,425.0219697515193,403.7708712639433,382.51977277636735
2023-10-09,469.0633767300877,447.7423141514473,426.42125157280697,405.1001889941666,383.77912641552626
2023-10-10,471.15940909665227,449.74307231953173,428.32673554241114,406.91039876529055,385.49406198817
2023-10-11,473.5563432903,452.0310549589227,430.5057666275454,408.98047829616814,387.4551899647909
2023-10-12,470.3611697548635,448.9811165841879,427.60106341351224,406.2210102428366,384.840957072161
2023-10-13,468.3246640130731,447.03717928520615,425.7496945573392,404.4622098294722,383.17472510160525
2023-10-16,473.1854547272559,451.67702496692607,430.16859520659625,408.66016544626643,387.1517356859366
2023-10-17,472.3586342067285,450.8877871973317,429.4169401879349,407.94609317853815,386.4752461691414
2023-10-18,466.89292921489834,445.6705233414939,424.4481174680894,403.22571159468487,382.00330572128047
2023-10-19,462.4030508211693,441.38473032929795,420.3664098374266,399.34808934555525,378.32976885368396
2023-10-20,456.58953917604885,435.83546921350114,415.08139925095344,394.32732928840574,373.5732593258581
2023-10-23,457.0728561831246,436.2968172657098,415.52077834829504,394.74473943088026,373.96870051346554
2023-10-24,461.2041347423645,440.2403104358933,419.2764861294222,398.3126618229511,377.34883751648
2023-10-25,454.1481695698385,433.50507095302765,412.8619723362168,392.21887371940596,371.5757751025951
2023-10-26,449.49896335588573,429.06719229425454,408.63542123262334,388.20365017099215,367.771879109361
2023-10-27,447.32697054662526,426.9939264308695,406.66088231511384,386.32783819935815,365.99479408360247
2023-10-30,452.6618500273968,432.08631138978785,411.51077275217887,390.9352341145699,370.359695476961
2023-10-31,455.2490911312393,434.5559506252739,413.86281011930845,393.169669613343,372.4765291073776
2023-11-01,459.3737467223678,438.4931218713511,417.61249702033433,396.73187216931757,375.8512473183009
2023-11-02,466.80602083923736,445.58756534654475,424.36910985385214,403.1506543611595,381.9321988684669
2023-11-03,468.39723417463307,447.10645080305886,425.8156674314846,404.52488405991033,383.2341006883361
2023-11-06,469.13406692453975,447.80979115524246,426.4855153859452,405.1612396166479,383.83696384735066
2023-11-07,470.37991085191766,448.9990058131941,427.6181007744706,406.23719573574704,384.85629069702355
2023-11-08,471.0282394627156,449.6178649416831,428.2074904206505,406.79711589961795,385.3867413785855
2023-11-09,468.0284317746154,446.7544121484965,425.4803925223776,404.2063728962587,382.93235327013986
2023-11-10,475.7902273022244,454.163398788487,432.53657027474947,410.90974176101196,389.2829132472745
2023-11-13,474.5434172500726,452.9732619205238,431.403106590975,409.8329512614263,388.2627959318775
2023-11-14,484.1360672056305,462.1298823326473,440.1236974596641,418.11751258668085,396.1113277136977
2023-11-15,483.6724121578573,461.68730251431833,439.70219287077936,417.7170832272404,395.7319735837014
2023-11-16,484.7408668611353,462.7071910947201,440.6735153283048,418.6398395618895,396.60616379547434
2023-11-17,487.060728971678,464.92160492751077,442.78248088334357,420.64335683917636,398.5042327950092
2023-11-20,491.3130461786604,468.98063498872125,446.6482237987821,424.315812608843,401.9834014189039
2023-11-21,489.85223195337966,467.58622141004423,445.32021086670875,423.05420032337327,400.7881897800379
2023-11-22,491.7927793675199,469.4385621235418,447.08434487956356,424.73012763558535,402.3759103916072
2023-11-24,491.9865343418812,469.62351005361387,447.2604857653465,424.89746147707916,402.53443718881186
2023-11-27,491.659398204876,469.311243741018,446.96308927716,424.614934813302,402.266780349444
2023-11-28,493.71435277508937,471.27279128531256,448.83122979553576,426.38966830575896,403.9481068159822
2023-11-29,493.35166203640006,470.9265864892909,448.5015109421818,426.07643539507274,403.65135984796365
2023-11-30,499.05154668978105,476.3673854766092,453.6832242634373,430.9990630502654,408.3149018370936
2023-12-01,501.74510679200284,478.93851102873,456.1319152654571,433.32531950218424,410.51872373891143
2023-12-04,498.6529663205018,475.98692239684254,453.32087847318337,430.6548345495242,407.988790625865
2023-12-05,498.31067903240523,475.6601936218413,453.0097082112774,430.35922280071355,407.7087373901497
2023-12-06,497.21945770138313,474.61857326041115,452.0176888194392,429.4168043784672,406.81591993749527
2023-12-07,500.9163454660719,478.1474206721595,455.3784958782471,432.60957108433473,409.8406462904224
2023-12-08,502.48320471697724,479.6430590480237,456.80291337907016,433.9627677101166,411.12262204116314
2023-12-11,504.1567963360685,481.2405783207927,458.3243603055168,435.4081422902409,412.49192427496513
2023-12-12,506.10153416775137,483.0969189783081,460.09230378886485,437.0876885994216,414.0830734099784
2023-12-13,512.8555313563531,489.54391629470075,466.2323012330483,442.92068617139586,419.60907110974347
2023-12-14,512.6861346171916,489.3822194073192,466.07830419744687,442.7743889875745,419.4704737777022
2023-12-15,509.8136825904709,486.6403333818131,463.4669841731553,440.2936349644975,417.1202857558398
2023-12-18,512.7587076838616,489.4514936982315,466.1442797126014,442.83706572697133,419.5298517413413
2023-12-19,515.724723589904,492.28269069945384,468.84065780900363,445.3986249185534,421.9565920281033
2023-12-20,508.43339672890636,485.32278778668336,462.2121788444603,439.10156990223726,415.99096096001426
2023-12-21,511.9415580252924,488.6714872059609,465.4014163866294,442.13134556729796,418.8612747479665
2023-12-22,512.7012566219566,489.3966540482313,466.092051474506,442.78744890078065,419.48284632705537
2023-12-26,514.98870562265,491.5801280943477,468.17155056604537,444.76297303774305,421.35439550944085
2023-12-27,516.0734879946212,492.6156021766839,469.1577163587466,445.6998305408093,422.24194472287195
2023-12-28,516.1898321999101,492.72665800900506,469.26348381810004,445.800309627195,422.33713543629005
2023-12-29,516.4683364731786,492.99250299712503,469.51666952107144,446.04083604501784,422.5650025689643
